{
    "routing": "astar",
    "assignment": "greedy",
    "routing_type": "Informado",
    "assignment_type": "Heur\u00edstica",
    "duration_sim_hours": 24,
    "duration_real_sec": 23.43,
    "total_revenue": 1968.0084016458486,
    "total_cost": 338.5651490988994,
    "profit": 1629.4432525469492,
    "total_requests_completed": 255,
    "total_requests_failed": 22,
    "total_kms": 2918.6139302054426,
    "total_kms_empty": 1345.9487344119086,
    "total_kms_occupied": 1572.6651957935283,
    "avg_wait_time": 11.786982044595861,
    "max_wait_time": 49.89277123519196,
    "avg_trip_time": 22.87717812302723,
    "total_co2": 112.79498366851813,
    "vehicles_unavailable_count": 0,
    "occupancy_rate": 0.5388397483879711,
    "ev_kms_ratio": 0.5557843222299289,
    "ev_occupancy_rate": 0.547846575191259,
    "gas_occupancy_rate": 0.5275707784240218,
    "ev_station_time": 1125.0,
    "gas_station_time": 5.0
}