{
    "routing": "astar",
    "assignment": "hill climbing",
    "routing_type": "Informado",
    "assignment_type": "Otimiza\u00e7\u00e3o",
    "duration_sim_hours": 24,
    "duration_real_sec": 21.15,
    "total_revenue": 1947.911101728868,
    "total_cost": 344.8954581274869,
    "profit": 1603.0156436013813,
    "total_requests_completed": 254,
    "total_requests_failed": 23,
    "total_kms": 2941.6255747453465,
    "total_kms_empty": 1380.9450854006561,
    "total_kms_occupied": 1560.680489344692,
    "avg_wait_time": 12.218392421365047,
    "max_wait_time": 51.89277123519196,
    "avg_trip_time": 23.336502657585527,
    "total_co2": 112.91109209121161,
    "vehicles_unavailable_count": 0,
    "occupancy_rate": 0.5305503537715871,
    "ev_kms_ratio": 0.558805629149821,
    "ev_occupancy_rate": 0.5243127116921915,
    "gas_occupancy_rate": 0.5384507934346553,
    "ev_station_time": 1280.0,
    "gas_station_time": 10.0
}