{
    "routing": "astar",
    "assignment": "hill climbing",
    "routing_type": "Informado",
    "assignment_type": "Otimiza\u00e7\u00e3o",
    "duration_sim_hours": 672,
    "duration_real_sec": 9022.3,
    "total_revenue": 90854.25408674363,
    "total_cost": 11522.964569296852,
    "profit": 79331.28951744678,
    "total_requests_completed": 11921,
    "total_requests_failed": 2169,
    "total_kms": 137492.81557211117,
    "total_kms_empty": 64540.344054821515,
    "total_kms_occupied": 72952.47151728881,
    "avg_wait_time": 11.81948550588051,
    "max_wait_time": 89.54602019167578,
    "avg_trip_time": 22.319979781433215,
    "total_co2": 6120.652115586708,
    "vehicles_unavailable_count": 0,
    "occupancy_rate": 0.5305911528084699,
    "ev_kms_ratio": 0.4883200051222553,
    "ev_occupancy_rate": 0.5195550132987669,
    "gas_occupancy_rate": 0.541123453769735,
    "ev_station_time": 38598.0,
    "gas_station_time": 515.0
}