{
    "routing": "astar",
    "assignment": "simulated annealing",
    "routing_type": "Informado",
    "assignment_type": "Otimiza\u00e7\u00e3o",
    "duration_sim_hours": 24,
    "duration_real_sec": 23.41,
    "total_revenue": 1925.9224312013214,
    "total_cost": 358.16876552468995,
    "profit": 1567.7536656766315,
    "total_requests_completed": 251,
    "total_requests_failed": 26,
    "total_kms": 2906.8507731330315,
    "total_kms_empty": 1367.6183358463725,
    "total_kms_occupied": 1539.2324372866567,
    "avg_wait_time": 11.934130133373877,
    "max_wait_time": 49.89277123519196,
    "avg_trip_time": 22.958034515844005,
    "total_co2": 112.98207244343683,
    "vehicles_unavailable_count": 0,
    "occupancy_rate": 0.5295189046211881,
    "ev_kms_ratio": 0.5532469286531644,
    "ev_occupancy_rate": 0.5301810063710415,
    "gas_occupancy_rate": 0.5286989757095463,
    "ev_station_time": 1617.0,
    "gas_station_time": 5.0
}