{
    "routing": "astar",
    "assignment": "simulated annealing",
    "routing_type": "Informado",
    "assignment_type": "Otimiza\u00e7\u00e3o",
    "duration_sim_hours": 672,
    "duration_real_sec": 9113.78,
    "total_revenue": 90752.77086390088,
    "total_cost": 11404.235691625287,
    "profit": 79348.53517227559,
    "total_requests_completed": 11921,
    "total_requests_failed": 2168,
    "total_kms": 136789.99305264675,
    "total_kms_empty": 63936.934080381136,
    "total_kms_occupied": 72853.05897226562,
    "avg_wait_time": 11.716251488005117,
    "max_wait_time": 66.83169305956835,
    "avg_trip_time": 22.205147522812368,
    "total_co2": 6029.019509748077,
    "vehicles_unavailable_count": 0,
    "occupancy_rate": 0.532590559780396,
    "ev_kms_ratio": 0.4933907570415696,
    "ev_occupancy_rate": 0.5211242003362672,
    "gas_occupancy_rate": 0.5437577381240329,
    "ev_station_time": 37604.0,
    "gas_station_time": 510.0
}