{
    "routing": "astar",
    "assignment": "simulated annealing",
    "routing_type": "Informado",
    "assignment_type": "Otimiza\u00e7\u00e3o",
    "duration_sim_hours": 336,
    "duration_real_sec": 772.08,
    "total_revenue": 44880.5315275782,
    "total_cost": 8560.758403933554,
    "profit": 36319.77312364464,
    "total_requests_completed": 5928,
    "total_requests_failed": 995,
    "total_kms": 67925.1287934938,
    "total_kms_empty": 31941.12766800272,
    "total_kms_occupied": 35984.00112549095,
    "avg_wait_time": 12.730709165173767,
    "max_wait_time": 55.57206216247505,
    "avg_trip_time": 23.18125345525127,
    "total_co2": 2868.989951104689,
    "vehicles_unavailable_count": 0,
    "occupancy_rate": 0.5297597776353082,
    "ev_kms_ratio": 0.5145111010394172,
    "ev_occupancy_rate": 0.5291623854228614,
    "gas_occupancy_rate": 0.5303928815551674,
    "ev_station_time": 21158.0,
    "gas_station_time": 245.0
}