{
    "routing": "astar",
    "assignment": "greedy",
    "routing_type": "Informado",
    "assignment_type": "Heur\u00edstica",
    "duration_sim_hours": 336,
    "duration_real_sec": 759.12,
    "total_revenue": 45610.55026866514,
    "total_cost": 8814.64427949369,
    "profit": 36795.90598917145,
    "total_requests_completed": 5840,
    "total_requests_failed": 1083,
    "total_kms": 68859.01272232598,
    "total_kms_empty": 31793.912855387105,
    "total_kms_occupied": 37065.099866938755,
    "avg_wait_time": 13.039055205434897,
    "max_wait_time": 62.37203197870895,
    "avg_trip_time": 23.88546957799321,
    "total_co2": 2821.2370112761455,
    "vehicles_unavailable_count": 0,
    "occupancy_rate": 0.538275214842301,
    "ev_kms_ratio": 0.5290665616332704,
    "ev_occupancy_rate": 0.5344581460457072,
    "gas_occupancy_rate": 0.542563471524047,
    "ev_station_time": 17973.0,
    "gas_station_time": 240.0
}