{
    "routing": "astar",
    "assignment": "greedy",
    "routing_type": "Informado",
    "assignment_type": "Heur\u00edstica",
    "duration_sim_hours": 672,
    "duration_real_sec": 9153.15,
    "total_revenue": 91564.70225371554,
    "total_cost": 11935.922162632221,
    "profit": 79628.78009108332,
    "total_requests_completed": 11613,
    "total_requests_failed": 2477,
    "total_kms": 141138.23845340154,
    "total_kms_empty": 66524.33655334619,
    "total_kms_occupied": 74613.90190005522,
    "avg_wait_time": 13.22094572420427,
    "max_wait_time": 59.946314637527394,
    "avg_trip_time": 24.143836684340553,
    "total_co2": 6391.616113060172,
    "vehicles_unavailable_count": 0,
    "occupancy_rate": 0.5286583049191866,
    "ev_kms_ratio": 0.4794688336817271,
    "ev_occupancy_rate": 0.520668568820593,
    "gas_occupancy_rate": 0.536017767131066,
    "ev_station_time": 39820.0,
    "gas_station_time": 535.0
}