{
    "routing": "astar",
    "assignment": "hill climbing",
    "routing_type": "Informado",
    "assignment_type": "Otimiza\u00e7\u00e3o",
    "duration_sim_hours": 336,
    "duration_real_sec": 764.58,
    "total_revenue": 44541.41532376953,
    "total_cost": 8613.679578043848,
    "profit": 35927.73574572568,
    "total_requests_completed": 5880,
    "total_requests_failed": 1043,
    "total_kms": 67398.14416716454,
    "total_kms_empty": 31680.747350961887,
    "total_kms_occupied": 35717.39681620236,
    "avg_wait_time": 12.537836190247143,
    "max_wait_time": 53.96882601015204,
    "avg_trip_time": 22.97168909155329,
    "total_co2": 2806.4109038504466,
    "vehicles_unavailable_count": 0,
    "occupancy_rate": 0.5299462953700049,
    "ev_kms_ratio": 0.5213874655661842,
    "ev_occupancy_rate": 0.5270141825972654,
    "gas_occupancy_rate": 0.5331404592026343,
    "ev_station_time": 20366.0,
    "gas_station_time": 235.0
}