{
    "routing": "bfs",
    "assignment": "hill climbing",
    "routing_type": "N\u00e3o Informado",
    "assignment_type": "Otimiza\u00e7\u00e3o",
    "duration_sim_hours": 336,
    "duration_real_sec": 363.16,
    "total_revenue": 42813.17406302546,
    "total_cost": 9591.326706788,
    "profit": 33221.84735623746,
    "total_requests_completed": 5658,
    "total_requests_failed": 1265,
    "total_kms": 69646.60207628523,
    "total_kms_empty": 35294.96063006627,
    "total_kms_occupied": 34351.64144621952,
    "avg_wait_time": 15.63816857038845,
    "max_wait_time": 69.73930589725933,
    "avg_trip_time": 26.03839620232062,
    "total_co2": 3004.90080058801,
    "vehicles_unavailable_count": 0,
    "occupancy_rate": 0.49322781617678235,
    "ev_kms_ratio": 0.5040807644269688,
    "ev_occupancy_rate": 0.49459282210057787,
    "gas_occupancy_rate": 0.49184034583854874,
    "ev_station_time": 19735.0,
    "gas_station_time": 245.0
}