{
    "routing": "bfs",
    "assignment": "simulated annealing",
    "routing_type": "N\u00e3o Informado",
    "assignment_type": "Otimiza\u00e7\u00e3o",
    "duration_sim_hours": 672,
    "duration_real_sec": 3859.13,
    "total_revenue": 87933.71385646162,
    "total_cost": 11863.774624640639,
    "profit": 76069.93923182099,
    "total_requests_completed": 11569,
    "total_requests_failed": 2521,
    "total_kms": 140016.7279523681,
    "total_kms_empty": 69453.18109857367,
    "total_kms_occupied": 70563.54685379389,
    "avg_wait_time": 14.068061554757886,
    "max_wait_time": 95.34945294934732,
    "avg_trip_time": 24.506108775711777,
    "total_co2": 6314.484012762205,
    "vehicles_unavailable_count": 0,
    "occupancy_rate": 0.503965118209295,
    "ev_kms_ratio": 0.48163139454699644,
    "ev_occupancy_rate": 0.49428301126547464,
    "gas_occupancy_rate": 0.5129610462428481,
    "ev_station_time": 39828.0,
    "gas_station_time": 525.0
}