{
    "routing": "bfs",
    "assignment": "simulated annealing",
    "routing_type": "N\u00e3o Informado",
    "assignment_type": "Otimiza\u00e7\u00e3o",
    "duration_sim_hours": 24,
    "duration_real_sec": 10.7,
    "total_revenue": 1835.9104785611555,
    "total_cost": 413.4887206828714,
    "profit": 1422.421757878284,
    "total_requests_completed": 240,
    "total_requests_failed": 37,
    "total_kms": 2941.2642653629923,
    "total_kms_empty": 1470.3368091527923,
    "total_kms_occupied": 1470.927456210206,
    "avg_wait_time": 14.866896774742598,
    "max_wait_time": 75.89277123519196,
    "avg_trip_time": 25.82939677474259,
    "total_co2": 111.29562180733352,
    "vehicles_unavailable_count": 0,
    "occupancy_rate": 0.5001004070025898,
    "ev_kms_ratio": 0.5650645758564398,
    "ev_occupancy_rate": 0.5121285006518662,
    "gas_occupancy_rate": 0.4844736052775425,
    "ev_station_time": 1298.0,
    "gas_station_time": 5.0
}