{
    "routing": "bfs",
    "assignment": "hill climbing",
    "routing_type": "N\u00e3o Informado",
    "assignment_type": "Otimiza\u00e7\u00e3o",
    "duration_sim_hours": 24,
    "duration_real_sec": 7.78,
    "total_revenue": 1851.223879127936,
    "total_cost": 402.4185199518681,
    "profit": 1448.805359176068,
    "total_requests_completed": 243,
    "total_requests_failed": 34,
    "total_kms": 2978.469551479583,
    "total_kms_empty": 1497.0033804578343,
    "total_kms_occupied": 1481.4661710217472,
    "avg_wait_time": 15.163676517243008,
    "max_wait_time": 75.89277123519196,
    "avg_trip_time": 26.101948122181295,
    "total_co2": 113.24926635201952,
    "vehicles_unavailable_count": 0,
    "occupancy_rate": 0.4973917461354657,
    "ev_kms_ratio": 0.5629581962491477,
    "ev_occupancy_rate": 0.5044743667210281,
    "gas_occupancy_rate": 0.48826854722097973,
    "ev_station_time": 1330.0,
    "gas_station_time": 5.0
}