{
    "routing": "bfs",
    "assignment": "hill climbing",
    "routing_type": "N\u00e3o Informado",
    "assignment_type": "Otimiza\u00e7\u00e3o",
    "duration_sim_hours": 672,
    "duration_real_sec": 3762.08,
    "total_revenue": 88159.327767407,
    "total_cost": 11854.26616010983,
    "profit": 76305.06160729716,
    "total_requests_completed": 11586,
    "total_requests_failed": 2504,
    "total_kms": 139899.85556716888,
    "total_kms_empty": 69144.88438862553,
    "total_kms_occupied": 70754.97117854365,
    "avg_wait_time": 14.006720120175883,
    "max_wait_time": 105.78615478372376,
    "avg_trip_time": 24.45083039050593,
    "total_co2": 6312.912297621958,
    "vehicles_unavailable_count": 0,
    "occupancy_rate": 0.5057544262050556,
    "ev_kms_ratio": 0.4813274822670892,
    "ev_occupancy_rate": 0.4950503160105914,
    "gas_occupancy_rate": 0.5156878277901814,
    "ev_station_time": 39198.0,
    "gas_station_time": 525.0
}