{
    "routing": "bfs",
    "assignment": "greedy",
    "routing_type": "N\u00e3o Informado",
    "assignment_type": "Heur\u00edstica",
    "duration_sim_hours": 672,
    "duration_real_sec": 3758.98,
    "total_revenue": 88537.54644306832,
    "total_cost": 12265.760063958773,
    "profit": 76271.78637910954,
    "total_requests_completed": 11183,
    "total_requests_failed": 2907,
    "total_kms": 143204.5291062791,
    "total_kms_empty": 70960.14966906271,
    "total_kms_occupied": 72244.37943721627,
    "avg_wait_time": 15.865970937735275,
    "max_wait_time": 88.34473130090464,
    "avg_trip_time": 26.77749789662263,
    "total_co2": 6599.746534859683,
    "vehicles_unavailable_count": 0,
    "occupancy_rate": 0.5044839006704891,
    "ev_kms_ratio": 0.470274047570093,
    "ev_occupancy_rate": 0.49506256456832454,
    "gas_occupancy_rate": 0.5128478666834048,
    "ev_station_time": 41361.0,
    "gas_station_time": 550.0
}