{
    "routing": "bfs",
    "assignment": "simulated annealing",
    "routing_type": "N\u00e3o Informado",
    "assignment_type": "Otimiza\u00e7\u00e3o",
    "duration_sim_hours": 336,
    "duration_real_sec": 379.9,
    "total_revenue": 42620.435787896095,
    "total_cost": 9632.670610683197,
    "profit": 32987.765177212896,
    "total_requests_completed": 5636,
    "total_requests_failed": 1287,
    "total_kms": 69552.48656540792,
    "total_kms_empty": 35369.719800295985,
    "total_kms_occupied": 34182.766765112225,
    "avg_wait_time": 15.69219194761208,
    "max_wait_time": 67.52943049097121,
    "avg_trip_time": 26.065541245024317,
    "total_co2": 2985.76699181657,
    "vehicles_unavailable_count": 0,
    "occupancy_rate": 0.4914672135117179,
    "ev_kms_ratio": 0.5065717629922077,
    "ev_occupancy_rate": 0.491797228293012,
    "gas_occupancy_rate": 0.49112840807450003,
    "ev_station_time": 19262.0,
    "gas_station_time": 250.0
}