{
    "routing": "bfs",
    "assignment": "greedy",
    "routing_type": "N\u00e3o Informado",
    "assignment_type": "Heur\u00edstica",
    "duration_sim_hours": 336,
    "duration_real_sec": 354.26,
    "total_revenue": 43485.08820728951,
    "total_cost": 9960.82844351058,
    "profit": 33524.25976377893,
    "total_requests_completed": 5556,
    "total_requests_failed": 1367,
    "total_kms": 70540.98815533683,
    "total_kms_empty": 35153.19384390462,
    "total_kms_occupied": 35387.79431143215,
    "avg_wait_time": 16.315931235862706,
    "max_wait_time": 79.5947092735496,
    "avg_trip_time": 27.128938409743114,
    "total_co2": 3032.787272520327,
    "vehicles_unavailable_count": 0,
    "occupancy_rate": 0.501662866325397,
    "ev_kms_ratio": 0.505824560533391,
    "ev_occupancy_rate": 0.4983830243010986,
    "gas_occupancy_rate": 0.505020023557555,
    "ev_station_time": 19549.0,
    "gas_station_time": 250.0
}