{
    "routing": "bfs",
    "assignment": "greedy",
    "routing_type": "N\u00e3o Informado",
    "assignment_type": "Heur\u00edstica",
    "duration_sim_hours": 24,
    "duration_real_sec": 7.66,
    "total_revenue": 1903.8366838832194,
    "total_cost": 385.1347337339042,
    "profit": 1518.701950149315,
    "total_requests_completed": 247,
    "total_requests_failed": 30,
    "total_kms": 3043.34095918537,
    "total_kms_empty": 1516.1717506229645,
    "total_kms_occupied": 1527.169208562408,
    "avg_wait_time": 14.717058258404483,
    "max_wait_time": 52.12966291843372,
    "avg_trip_time": 25.8668558292547,
    "total_co2": 113.71077511483769,
    "vehicles_unavailable_count": 0,
    "occupancy_rate": 0.5018068067441233,
    "ev_kms_ratio": 0.570531064002543,
    "ev_occupancy_rate": 0.5158103939280886,
    "gas_occupancy_rate": 0.4832036417041102,
    "ev_station_time": 1075.0,
    "gas_station_time": 5.0
}