{
    "routing": "greedy",
    "assignment": "hill climbing",
    "routing_type": "Informado",
    "assignment_type": "Otimiza\u00e7\u00e3o",
    "duration_sim_hours": 336,
    "duration_real_sec": 197.24,
    "total_revenue": 42303.80506034086,
    "total_cost": 9602.665975681717,
    "profit": 32701.139084659146,
    "total_requests_completed": 5596,
    "total_requests_failed": 1327,
    "total_kms": 67833.5332087852,
    "total_kms_empty": 33919.092483598004,
    "total_kms_occupied": 33914.44072518742,
    "avg_wait_time": 16.658541552494906,
    "max_wait_time": 70.39638862895117,
    "avg_trip_time": 27.016647365448932,
    "total_co2": 2901.028862796434,
    "vehicles_unavailable_count": 0,
    "occupancy_rate": 0.49996571195550116,
    "ev_kms_ratio": 0.5084266178520516,
    "ev_occupancy_rate": 0.49741069083213213,
    "gas_occupancy_rate": 0.5026083301188647,
    "ev_station_time": 18301.0,
    "gas_station_time": 245.0
}