{
    "routing": "greedy",
    "assignment": "simulated annealing",
    "routing_type": "Informado",
    "assignment_type": "Otimiza\u00e7\u00e3o",
    "duration_sim_hours": 672,
    "duration_real_sec": 1337.48,
    "total_revenue": 86986.34832422863,
    "total_cost": 11419.9687801441,
    "profit": 75566.37954408453,
    "total_requests_completed": 11421,
    "total_requests_failed": 2668,
    "total_kms": 134717.60455069825,
    "total_kms_empty": 64851.06736129511,
    "total_kms_occupied": 69866.53718940324,
    "avg_wait_time": 14.495469316697474,
    "max_wait_time": 89.79089320657931,
    "avg_trip_time": 24.941363193785584,
    "total_co2": 6085.724885274534,
    "vehicles_unavailable_count": 0,
    "occupancy_rate": 0.5186147528559297,
    "ev_kms_ratio": 0.4807593188464305,
    "ev_occupancy_rate": 0.5118307378198949,
    "gas_occupancy_rate": 0.5248959988486668,
    "ev_station_time": 37486.0,
    "gas_station_time": 505.0
}