{
    "routing": "greedy",
    "assignment": "greedy",
    "routing_type": "Informado",
    "assignment_type": "Heur\u00edstica",
    "duration_sim_hours": 336,
    "duration_real_sec": 187.58,
    "total_revenue": 43293.028641333214,
    "total_cost": 9893.591629414763,
    "profit": 33399.43701191845,
    "total_requests_completed": 5532,
    "total_requests_failed": 1390,
    "total_kms": 68742.25185573807,
    "total_kms_empty": 33509.95253845278,
    "total_kms_occupied": 35232.299317285564,
    "avg_wait_time": 17.386826747193552,
    "max_wait_time": 79.52360125696578,
    "avg_trip_time": 28.203749312530405,
    "total_co2": 2967.9155364341805,
    "vehicles_unavailable_count": 0,
    "occupancy_rate": 0.5125275702521905,
    "ev_kms_ratio": 0.5037408469722163,
    "ev_occupancy_rate": 0.5098444213297478,
    "gas_occupancy_rate": 0.5152511708195444,
    "ev_station_time": 19786.0,
    "gas_station_time": 245.0
}