{
    "routing": "greedy",
    "assignment": "hill climbing",
    "routing_type": "Informado",
    "assignment_type": "Otimiza\u00e7\u00e3o",
    "duration_sim_hours": 24,
    "duration_real_sec": 4.75,
    "total_revenue": 1858.625274548814,
    "total_cost": 383.4171564235082,
    "profit": 1475.2081181253059,
    "total_requests_completed": 247,
    "total_requests_failed": 30,
    "total_kms": 2923.1705881638036,
    "total_kms_empty": 1437.0680494498167,
    "total_kms_occupied": 1486.1025387139846,
    "avg_wait_time": 16.13847860974956,
    "max_wait_time": 51.8007755253891,
    "avg_trip_time": 26.96438954092366,
    "total_co2": 116.17730575106036,
    "vehicles_unavailable_count": 0,
    "occupancy_rate": 0.5083872096727284,
    "ev_kms_ratio": 0.5431770776980972,
    "ev_occupancy_rate": 0.504521852118521,
    "gas_occupancy_rate": 0.5129832435362908,
    "ev_station_time": 1338.0,
    "gas_station_time": 10.0
}