{
    "routing": "greedy",
    "assignment": "simulated annealing",
    "routing_type": "Informado",
    "assignment_type": "Otimiza\u00e7\u00e3o",
    "duration_sim_hours": 336,
    "duration_real_sec": 214.12,
    "total_revenue": 42278.298508095286,
    "total_cost": 9695.314788714946,
    "profit": 32582.98371938034,
    "total_requests_completed": 5577,
    "total_requests_failed": 1346,
    "total_kms": 67851.4648877043,
    "total_kms_empty": 33910.51158354412,
    "total_kms_occupied": 33940.953304160015,
    "avg_wait_time": 16.88236225611263,
    "max_wait_time": 78.5734188998349,
    "avg_trip_time": 27.282177058181855,
    "total_co2": 2934.7234953823736,
    "vehicles_unavailable_count": 0,
    "occupancy_rate": 0.500224326185633,
    "ev_kms_ratio": 0.5028485527064137,
    "ev_occupancy_rate": 0.4993340341526634,
    "gas_occupancy_rate": 0.501124820517289,
    "ev_station_time": 19759.0,
    "gas_station_time": 245.0
}