{
    "routing": "greedy",
    "assignment": "greedy",
    "routing_type": "Informado",
    "assignment_type": "Heur\u00edstica",
    "duration_sim_hours": 24,
    "duration_real_sec": 4.6,
    "total_revenue": 1906.5237477035146,
    "total_cost": 385.8595452464061,
    "profit": 1520.6642024571083,
    "total_requests_completed": 248,
    "total_requests_failed": 29,
    "total_kms": 3021.3853566875596,
    "total_kms_empty": 1490.6401270739975,
    "total_kms_occupied": 1530.7452296135596,
    "avg_wait_time": 16.01908482816121,
    "max_wait_time": 58.546073459924685,
    "avg_trip_time": 27.107794505580568,
    "total_co2": 119.93184958031541,
    "vehicles_unavailable_count": 0,
    "occupancy_rate": 0.5066368731235806,
    "ev_kms_ratio": 0.5437434011457516,
    "ev_occupancy_rate": 0.5095054885270021,
    "gas_occupancy_rate": 0.503218203234855,
    "ev_station_time": 1235.0,
    "gas_station_time": 10.0
}