{
    "routing": "greedy",
    "assignment": "greedy",
    "routing_type": "Informado",
    "assignment_type": "Heur\u00edstica",
    "duration_sim_hours": 672,
    "duration_real_sec": 1248.43,
    "total_revenue": 88631.89654726876,
    "total_cost": 11943.976654472684,
    "profit": 76687.91989279607,
    "total_requests_completed": 11197,
    "total_requests_failed": 2893,
    "total_kms": 139610.1129904495,
    "total_kms_empty": 67254.17967564006,
    "total_kms_occupied": 72355.93331480987,
    "avg_wait_time": 16.548996503211875,
    "max_wait_time": 80.50525593782731,
    "avg_trip_time": 27.457177319625906,
    "total_co2": 6419.644834004232,
    "vehicles_unavailable_count": 0,
    "occupancy_rate": 0.5182714329567201,
    "ev_kms_ratio": 0.47146363898755805,
    "ev_occupancy_rate": 0.5089926716325469,
    "gas_occupancy_rate": 0.5265482496563539,
    "ev_station_time": 38170.0,
    "gas_station_time": 535.0
}