{
    "routing": "greedy",
    "assignment": "simulated annealing",
    "routing_type": "Informado",
    "assignment_type": "Otimiza\u00e7\u00e3o",
    "duration_sim_hours": 24,
    "duration_real_sec": 5.06,
    "total_revenue": 1892.735297411429,
    "total_cost": 388.2476011317363,
    "profit": 1504.4876962796927,
    "total_requests_completed": 245,
    "total_requests_failed": 32,
    "total_kms": 2942.5146997529714,
    "total_kms_empty": 1427.1301526102673,
    "total_kms_occupied": 1515.3845471427057,
    "avg_wait_time": 15.47650423226387,
    "max_wait_time": 66.44519777881328,
    "avg_trip_time": 26.554055252672036,
    "total_co2": 111.21383614445463,
    "vehicles_unavailable_count": 0,
    "occupancy_rate": 0.5149964237289705,
    "ev_kms_ratio": 0.5655688803217532,
    "ev_occupancy_rate": 0.5109308177234788,
    "gas_occupancy_rate": 0.5202892771462354,
    "ev_station_time": 1048.0,
    "gas_station_time": 5.0
}