{
    "routing": "greedy",
    "assignment": "hill climbing",
    "routing_type": "Informado",
    "assignment_type": "Otimiza\u00e7\u00e3o",
    "duration_sim_hours": 672,
    "duration_real_sec": 1275.14,
    "total_revenue": 87921.65629805837,
    "total_cost": 11506.821460601957,
    "profit": 76414.83483745641,
    "total_requests_completed": 11531,
    "total_requests_failed": 2559,
    "total_kms": 135637.20187451364,
    "total_kms_empty": 64997.37450934071,
    "total_kms_occupied": 70639.8273651728,
    "avg_wait_time": 14.67679436408095,
    "max_wait_time": 79.03346519187107,
    "avg_trip_time": 25.146323048240543,
    "total_co2": 6131.800331483342,
    "vehicles_unavailable_count": 0,
    "occupancy_rate": 0.5207997982037853,
    "ev_kms_ratio": 0.48037512860613507,
    "ev_occupancy_rate": 0.5113951818369143,
    "gas_occupancy_rate": 0.529494039079153,
    "ev_station_time": 36512.0,
    "gas_station_time": 510.0
}